ENCOUNTER_ID,ENCOUNTER_DTS,PATIENT_ID,PROVIDER_ID,ROOM_ID,PT_HEIGHT_INCHES_VAL,PT_WEIGHT_VAL,PT_TEMPERATURE_F_VAL,TOTAL_CHARGE_AMT,TOTAL_BALANCE_AMT,MED_ERROR_FLG,INITIAL_ENCOUNTER_TXT,PATIENT_FIRST_NM,PATIENT_LAST_NM,PATIENT_BIRTH_DT,PATIENT_GENDER_CD,PATIENT_BLOOD_TYPE_CD,PATIENT_PHONE_TXT,INSURANCE_ID,INSURANCE_NM,COVERAGE_START_DT,COVERAGE_END_DT,PROVIDER_FIRST_NM,PROVIDER_LAST_NM,PROVIDER_BIRTH_DT,PROFESSION_TYPE_CD,PROFESSION_TYPE_DSC,PROVIDER_STATUS_TXT,PROVIDER_PHONE_TXT
"110,434",03/11/2007 16:42:23,"3,482","9,439",A1,68,163,96,98,40,0,04.27.2000,Harrold,Jensen,07/03/1924 00:00:00,M,A+,385-278-8865,224,Basic,01/01/2007 00:00:00,12/31/2007 00:00:00,SUSAN,JONES,10/19/1958 00:00:00,RN,Registered Nurse,Active,801-844-8768
"110,616",09/01/2007 00:00:00,"3,482","9,883",B1,66,162,95,226,0,0,04.27.2000,Harrold,Jensen,07/03/1924 00:00:00,M,A+,385-278-8865,224,Basic,01/01/2007 00:00:00,12/31/2007 00:00:00,ARVID,redman,03/11/1946 00:00:00,MD,Doctor of Medicine,Active,385-432-9812
"110,371",01/03/2007 13:49:06,"3,852","9,376",A1,62,137,,204,40,0,02.20.2005,Lorie,Jones,03/03/1972 00:00:00,F,,801-234-7319,224,Basic,01/01/2007 00:00:00,12/31/2007 00:00:00,MARIA,PETERSON,03/31/1965 00:00:00,MD,Doctor of Medicine,Active,435-265-2254
"110,707",11/20/2007 15:23:43,"3,852","9,248",C1,62,135,101,90,0,0,02.20.2005,Lorie,Jones,03/03/1972 00:00:00,F,,801-234-7319,224,Basic,01/01/2007 00:00:00,12/31/2007 00:00:00,BILL,JOHNSON,09/29/1958 00:00:00,RN,Registered Nurse,Active,801-111-2323
"110,532",05/19/2007 13:05:38,"3,852","9,439",A2,62,193,97,180,0,0,02.20.2005,Lorie,Jones,03/03/1972 00:00:00,F,,801-234-7319,224,Basic,01/01/2007 00:00:00,12/31/2007 00:00:00,SUSAN,JONES,10/19/1958 00:00:00,RN,Registered Nurse,Active,801-844-8768
"110,602",08/21/2007 17:17:39,"3,852","9,332",A1,62,136,99,80,0,0,02.20.2005,Lorie,Jones,03/03/1972 00:00:00,F,,801-234-7319,224,Basic,01/01/2007 00:00:00,12/31/2007 00:00:00,BARBARA,Thurston,02/13/1981 00:00:00,RES,Resident,Student,801-889-0905
"110,595",08/16/2007 13:05:42,"3,823","9,376",B3,69,130,99,281,70,0,10.19.2004,Arlys,Anderson,04/21/1989 00:00:00,F,A+,801-649-1425,224,Basic,01/01/2007 00:00:00,12/31/2007 00:00:00,MARIA,PETERSON,03/31/1965 00:00:00,MD,Doctor of Medicine,Active,435-265-2254
"110,448",03/21/2007 13:13:47,"3,823","9,376",B1,,133,99,301,0,0,10.19.2004,Arlys,Anderson,04/21/1989 00:00:00,F,A+,801-649-1425,224,Basic,01/01/2007 00:00:00,12/31/2007 00:00:00,MARIA,PETERSON,03/31/1965 00:00:00,MD,Doctor of Medicine,Active,435-265-2254
"110,763",12/23/2007 13:42:22,"3,823","9,117",D,69,131,99,100,0,0,10.19.2004,Arlys,Anderson,04/21/1989 00:00:00,F,A+,801-649-1425,224,Basic,01/01/2007 00:00:00,12/31/2007 00:00:00,SAMUEL,MAGILL,12/06/1970 00:00:00,MA,Medical Assistant,Active,801-238-4565
"110,756",12/22/2007 10:04:02,"3,111","9,376",C1,66,133,100,101,0,0,11.01.1999,Maria,Peterson,02/29/1964 00:00:00,F,O+,435-444-2254,224,Basic,01/01/2007 00:00:00,12/31/2007 00:00:00,MARIA,PETERSON,03/31/1965 00:00:00,MD,Doctor of Medicine,Active,435-265-2254
"110,672",10/28/2007 10:31:21,"3,111","9,248",B2,66,138,99,357,0,0,11.01.1999,Maria,Peterson,02/29/1964 00:00:00,F,O+,435-444-2254,224,Basic,01/01/2007 00:00:00,12/31/2007 00:00:00,BILL,JOHNSON,09/29/1958 00:00:00,RN,Registered Nurse,Active,801-111-2323
"110,518",05/16/2007 16:29:43,"3,111","9,248",B2,66,132,99,143,40,0,11.01.1999,Maria,Peterson,02/29/1964 00:00:00,F,O+,435-444-2254,224,Basic,01/01/2007 00:00:00,12/31/2007 00:00:00,BILL,JOHNSON,09/29/1958 00:00:00,RN,Registered Nurse,Active,801-111-2323
"110,392",02/02/2007 17:58:36,"3,111","9,883",A2,66,143,99,61,10,0,11.01.1999,Maria,Peterson,02/29/1964 00:00:00,F,O+,435-444-2254,224,Basic,01/01/2007 00:00:00,12/31/2007 00:00:00,ARVID,redman,03/11/1946 00:00:00,MD,Doctor of Medicine,Active,385-432-9812
"110,630",09/28/2007 13:15:36,"3,548","9,376",A2,60,108,100,91,40,1,08.13.1996,Sandra,Carville,01/02/1937 00:00:00,F,O+,801-221-2354,224,Basic,01/01/2007 00:00:00,12/31/2007 00:00:00,MARIA,PETERSON,03/31/1965 00:00:00,MD,Doctor of Medicine,Active,435-265-2254
"110,546",05/25/2007 13:59:35,"3,621","9,376",A1,72,,99,279,0,0,11.03.2002,Rob,Sorenson,06/23/1956 00:00:00,3,AB+,801-885-7474,257,Preferred,03/01/2007 00:00:00,12/31/2007 00:00:00,MARIA,PETERSON,03/31/1965 00:00:00,MD,Doctor of Medicine,Active,435-265-2254
"110,497",05/08/2007 12:42:38,"3,621","9,376",,72,368,98,337,10,0,11.03.2002,Rob,Sorenson,06/23/1956 00:00:00,3,AB+,801-885-7474,257,Preferred,03/01/2007 00:00:00,12/31/2007 00:00:00,MARIA,PETERSON,03/31/1965 00:00:00,MD,Doctor of Medicine,Active,435-265-2254
"110,413",02/26/2007 12:17:56,"3,621","9,248",B1,72,362,99,,,0,11.03.2002,Rob,Sorenson,06/23/1956 00:00:00,3,AB+,801-885-7474,257,Preferred,03/01/2007 00:00:00,12/31/2007 00:00:00,BILL,JOHNSON,09/29/1958 00:00:00,RN,Registered Nurse,Active,801-111-2323
"110,721",11/26/2007 11:33:38,"3,621","9,883",A1,72,371,99,,,0,11.03.2002,Rob,Sorenson,06/23/1956 00:00:00,3,AB+,801-885-7474,257,Preferred,03/01/2007 00:00:00,12/31/2007 00:00:00,ARVID,redman,03/11/1946 00:00:00,MD,Doctor of Medicine,Active,385-432-9812
"110,658",10/18/2007 11:13:06,"3,873","9,376",A1,78,226,99,269,0,0,01.15.2005,Dirk,Sorensen,11/04/1943 00:00:00,M,O+,435-342-4252,257,Preferred,03/01/2007 00:00:00,12/31/2007 00:00:00,MARIA,PETERSON,03/31/1965 00:00:00,MD,Doctor of Medicine,Active,435-265-2254
"110,651",10/13/2007 15:37:32,"3,873","9,439",D,78,234,100,217,110,0,01.15.2005,Dirk,Sorensen,11/04/1943 00:00:00,M,O+,435-342-4252,257,Preferred,03/01/2007 00:00:00,12/31/2007 00:00:00,SUSAN,JONES,10/19/1958 00:00:00,RN,Registered Nurse,Active,801-844-8768
"110,644",10/01/2007 00:00:00,"3,873","9,883",E,78,229,99,88,40,0,01.15.2005,Dirk,Sorensen,11/04/1943 00:00:00,M,O+,435-342-4252,257,Preferred,03/01/2007 00:00:00,12/31/2007 00:00:00,ARVID,redman,03/11/1946 00:00:00,MD,Doctor of Medicine,Active,385-432-9812
"110,637",09/30/2007 23:59:59,"3,873","9,769",B1,78,228,99,216,0,0,01.15.2005,Dirk,Sorensen,11/04/1943 00:00:00,M,O+,435-342-4252,257,Preferred,03/01/2007 00:00:00,12/31/2007 00:00:00,lenard,FREEman,05/18/1963 00:00:00,RN,Registered Nurse,Active,801-892-2433
"110,665",10/23/2007 11:09:09,"3,873","9,332",D,78,225,99,281,20,0,01.15.2005,Dirk,Sorensen,11/04/1943 00:00:00,M,O+,435-342-4252,257,Preferred,03/01/2007 00:00:00,12/31/2007 00:00:00,BARBARA,Thurston,02/13/1981 00:00:00,RES,Resident,Student,801-889-0905
"110,469",03/31/2007 08:38:03,"3,587","9,248",A3,67,155,99,192,10,0,04.09.1997,Stanley,Oldroyd,08/28/1920 00:00:00,M,A+,801-766-2122,257,Preferred,03/01/2007 00:00:00,12/31/2007 00:00:00,BILL,JOHNSON,09/29/1958 00:00:00,RN,Registered Nurse,Active,801-111-2323
"110,406",02/18/2007 13:45:54,"3,657","9,376",A1,59,,99,84,0,1,05.12.2001,SUSAN,JONES,10/19/1958 00:00:00,F,A+,276-534-9652,257,Preferred,03/01/2007 00:00:00,12/31/2007 00:00:00,MARIA,PETERSON,03/31/1965 00:00:00,MD,Doctor of Medicine,Active,435-265-2254
"110,378",01/17/2007 16:26:55,"3,657","9,248",A2,59,162,,117,50,0,05.12.2001,SUSAN,JONES,10/19/1958 00:00:00,F,A+,276-534-9652,257,Preferred,03/01/2007 00:00:00,12/31/2007 00:00:00,BILL,JOHNSON,09/29/1958 00:00:00,RN,Registered Nurse,Active,801-111-2323
"110,770",12/27/2007 10:44:48,"3,657","9,883",A2,57,148,99,237,236,0,05.12.2001,SUSAN,JONES,10/19/1958 00:00:00,F,A+,276-534-9652,257,Preferred,03/01/2007 00:00:00,12/31/2007 00:00:00,ARVID,redman,03/11/1946 00:00:00,MD,Doctor of Medicine,Active,385-432-9812
"110,553",05/29/2007 10:28:17,"3,657","9,769",E,57,154,99,71,30,0,05.12.2001,SUSAN,JONES,10/19/1958 00:00:00,F,A+,276-534-9652,257,Preferred,03/01/2007 00:00:00,12/31/2007 00:00:00,lenard,FREEman,05/18/1963 00:00:00,RN,Registered Nurse,Active,801-892-2433
"110,728",02/15/2007 09:29:51,"3,987","9,439",B1,31,57,103,68,0,0,06.24.2005,Skye,Sanders,02/15/2005 00:00:00,F,A+,801-348-8965,257,Preferred,03/01/2007 00:00:00,12/31/2007 00:00:00,SUSAN,JONES,10/19/1958 00:00:00,RN,Registered Nurse,Active,801-844-8768
"110,686",11/07/2007 08:07:12,"3,987","9,883",A1,28,48,104,51,10,0,06.24.2005,Skye,Sanders,02/15/2005 00:00:00,F,A+,801-348-8965,257,Preferred,03/01/2007 00:00:00,12/31/2007 00:00:00,ARVID,redman,03/11/1946 00:00:00,MD,Doctor of Medicine,Active,385-432-9812
"110,700",11/19/2007 12:41:04,"3,543","9,376",A1,69,160,99,157,30,0,12.22.2003,Bill,Johnson,02/12/1941 00:00:00,M,O-,458-239-1112,281,Premium,01/01/2007 00:00:00,09/30/2007 00:00:00,MARIA,PETERSON,03/31/1965 00:00:00,MD,Doctor of Medicine,Active,435-265-2254
"110,385",01/30/2007 15:56:02,"3,543","9,376",A1,69,161,99,326,0,0,12.22.2003,Bill,Johnson,02/12/1941 00:00:00,M,O-,458-239-1112,281,Premium,01/01/2007 00:00:00,09/30/2007 00:00:00,MARIA,PETERSON,03/31/1965 00:00:00,MD,Doctor of Medicine,Active,435-265-2254
"110,483",04/20/2007 10:36:22,"3,543","9,117",A1,69,154,99,85,0,0,12.22.2003,Bill,Johnson,02/12/1941 00:00:00,M,O-,458-239-1112,281,Premium,01/01/2007 00:00:00,09/30/2007 00:00:00,SAMUEL,MAGILL,12/06/1970 00:00:00,MA,Medical Assistant,Active,801-238-4565
"110,574",06/22/2007 12:47:12,"3,543","9,439",B2,69,162,99,144,0,0,12.22.2003,Bill,Johnson,02/12/1941 00:00:00,M,O-,458-239-1112,281,Premium,01/01/2007 00:00:00,09/30/2007 00:00:00,SUSAN,JONES,10/19/1958 00:00:00,RN,Registered Nurse,Active,801-844-8768
"110,525",05/17/2007 16:33:28,"3,543","9,883",D,69,159,,207,0,0,12.22.2003,Bill,Johnson,02/12/1941 00:00:00,M,O-,458-239-1112,281,Premium,01/01/2007 00:00:00,09/30/2007 00:00:00,ARVID,redman,03/11/1946 00:00:00,MD,Doctor of Medicine,Active,385-432-9812
"110,735",12/07/2007 13:51:14,"3,966","9,376",,61,142,99,178,50,1,09.26.2000,Amanda,Lorenz,10/19/1954 00:00:00,F,O+,801-744-7353,281,Premium,01/01/2007 00:00:00,09/30/2007 00:00:00,MARIA,PETERSON,03/31/1965 00:00:00,MD,Doctor of Medicine,Active,435-265-2254
"110,609",08/27/2007 14:52:40,"3,966","9,376",A1,,133,103,233,0,0,09.26.2000,Amanda,Lorenz,10/19/1954 00:00:00,F,O+,801-744-7353,281,Premium,01/01/2007 00:00:00,09/30/2007 00:00:00,MARIA,PETERSON,03/31/1965 00:00:00,MD,Doctor of Medicine,Active,435-265-2254
"110,399",02/09/2007 12:53:40,"3,966","9,376",A3,61,135,98,253,0,0,09.26.2000,Amanda,Lorenz,10/19/1954 00:00:00,F,O+,801-744-7353,281,Premium,01/01/2007 00:00:00,09/30/2007 00:00:00,MARIA,PETERSON,03/31/1965 00:00:00,MD,Doctor of Medicine,Active,435-265-2254
"110,462",03/27/2007 13:40:56,"3,966","9,883",B1,61,138,99,144,0,0,09.26.2000,Amanda,Lorenz,10/19/1954 00:00:00,F,O+,801-744-7353,281,Premium,01/01/2007 00:00:00,09/30/2007 00:00:00,ARVID,redman,03/11/1946 00:00:00,MD,Doctor of Medicine,Active,385-432-9812
"110,588",08/12/2007 10:41:35,"3,599","9,117",A3,59,93,97,207,80,0,03.04.2003,Liz,Olsen,03/17/1993 00:00:00,F,B+,435-872-7774,281,Premium,01/01/2007 00:00:00,09/30/2007 00:00:00,SAMUEL,MAGILL,12/06/1970 00:00:00,MA,Medical Assistant,Active,801-238-4565
"110,427",03/05/2007 11:24:32,"3,312","9,376",A2,69,260,101,188,0,1,12.29.2003,Drake,O'Connor,12/25/1987 00:00:00,M,A+,385-347-1148,281,Premium,01/01/2007 00:00:00,09/30/2007 00:00:00,MARIA,PETERSON,03/31/1965 00:00:00,MD,Doctor of Medicine,Active,435-265-2254
"110,784",12/31/2007 11:56:39,"3,312","9,883",B2,70,273,99,103,0,0,12.29.2003,Drake,O'Connor,12/25/1987 00:00:00,M,A+,385-347-1148,281,Premium,01/01/2007 00:00:00,09/30/2007 00:00:00,ARVID,redman,03/11/1946 00:00:00,MD,Doctor of Medicine,Active,385-432-9812
"110,777",12/28/2007 09:08:42,"3,312","9,000",B3,69,268,99,215,20,0,12.29.2003,Drake,O'Connor,12/25/1987 00:00:00,M,A+,385-347-1148,281,Premium,01/01/2007 00:00:00,09/30/2007 00:00:00,,,,,,,
"110,504",05/10/2007 08:39:50,"3,277","9,376",C1,73,,102,140,30,0,09.08.2005,Victor,Bates,08/13/1932 00:00:00,M,B+,801-337-2417,290,Extreme,02/01/2007 00:00:00,08/31/2007 00:00:00,MARIA,PETERSON,03/31/1965 00:00:00,MD,Doctor of Medicine,Active,435-265-2254
"110,714",11/22/2007 13:49:30,"3,277","9,883",A2,72,175,99,292,50,0,09.08.2005,Victor,Bates,08/13/1932 00:00:00,M,B+,801-337-2417,290,Extreme,02/01/2007 00:00:00,08/31/2007 00:00:00,ARVID,redman,03/11/1946 00:00:00,MD,Doctor of Medicine,Active,385-432-9812
"110,581",08/09/2007 13:24:46,"3,277","9,883",A2,72,180,100,,,0,09.08.2005,Victor,Bates,08/13/1932 00:00:00,M,B+,801-337-2417,290,Extreme,02/01/2007 00:00:00,08/31/2007 00:00:00,ARVID,redman,03/11/1946 00:00:00,MD,Doctor of Medicine,Active,385-432-9812
"110,420",03/01/2007 12:40:30,"3,277","9,883",B2,73,183,100,128,10,0,09.08.2005,Victor,Bates,08/13/1932 00:00:00,M,B+,801-337-2417,290,Extreme,02/01/2007 00:00:00,08/31/2007 00:00:00,ARVID,redman,03/11/1946 00:00:00,MD,Doctor of Medicine,Active,385-432-9812
"110,742",12/15/2007 17:16:40,"3,358","9,883",A2,71,211,100,86,20,0,07.14.2006,Raymond,Davis,05/20/1961 00:00:00,M,AB+,385-112-1125,290,Extreme,02/01/2007 00:00:00,08/31/2007 00:00:00,ARVID,redman,03/11/1946 00:00:00,MD,Doctor of Medicine,Active,385-432-9812
"110,490",05/02/2007 13:26:58,"3,358","9,883",D,71,225,98,136,0,0,07.14.2006,Raymond,Davis,05/20/1961 00:00:00,M,AB+,385-112-1125,290,Extreme,02/01/2007 00:00:00,08/31/2007 00:00:00,ARVID,redman,03/11/1946 00:00:00,MD,Doctor of Medicine,Active,385-432-9812
"110,567",06/17/2007 14:41:10,"3,358","9,332",A1,71,218,99,280,20,0,07.14.2006,Raymond,Davis,05/20/1961 00:00:00,M,AB+,385-112-1125,290,Extreme,02/01/2007 00:00:00,08/31/2007 00:00:00,BARBARA,Thurston,02/13/1981 00:00:00,RES,Resident,Student,801-889-0905
"110,511",05/11/2007 17:14:32,"3,257","9,376",A1,35,65,98,521,0,0,10.07.2004,,Alvarez,01/08/2004 00:00:00,,A-,385-590-1477,299,Cancelled,01/01/2999 00:00:00,01/01/2999 00:00:00,MARIA,PETERSON,03/31/1965 00:00:00,MD,Doctor of Medicine,Active,435-265-2254
"110,476",01/07/2007 23:26:39,"3,257","9,376",C1,34,63,97,185,60,0,10.07.2004,,Alvarez,01/08/2004 00:00:00,,A-,385-590-1477,299,Cancelled,01/01/2999 00:00:00,01/01/2999 00:00:00,MARIA,PETERSON,03/31/1965 00:00:00,MD,Doctor of Medicine,Active,435-265-2254
"110,623",09/26/2007 17:18:15,"3,257","9,248",B2,37,68,97,281,240,0,10.07.2004,,Alvarez,01/08/2004 00:00:00,,A-,385-590-1477,299,Cancelled,01/01/2999 00:00:00,01/01/2999 00:00:00,BILL,JOHNSON,09/29/1958 00:00:00,RN,Registered Nurse,Active,801-111-2323
"110,539",05/21/2007 17:45:11,"3,354","9,376",D,62,145,99,87,0,0,04.25.2006,Sylvia,Ming,02/05/1969 00:00:00,F,O+,435-456-7965,,,,,MARIA,PETERSON,03/31/1965 00:00:00,MD,Doctor of Medicine,Active,435-265-2254
"110,441",03/13/2007 13:11:13,"3,354","9,376",D,62,155,99,260,100,0,04.25.2006,Sylvia,Ming,02/05/1969 00:00:00,F,O+,435-456-7965,,,,,MARIA,PETERSON,03/31/1965 00:00:00,MD,Doctor of Medicine,Active,435-265-2254
"110,679",11/05/2007 13:19:11,"3,354","9,883",A2,26,156,104,96,40,0,04.25.2006,Sylvia,Ming,02/05/1969 00:00:00,F,O+,435-456-7965,,,,,ARVID,redman,03/11/1946 00:00:00,MD,Doctor of Medicine,Active,385-432-9812
"110,749",12/18/2007 15:37:24,"3,354","9,769",A1,62,148,98,265,10,0,04.25.2006,Sylvia,Ming,02/05/1969 00:00:00,F,O+,435-456-7965,,,,,lenard,FREEman,05/18/1963 00:00:00,RN,Registered Nurse,Active,801-892-2433
"110,560",06/04/2007 09:57:50,"3,567","9,376",C1,62,142,99,123,0,0,07.11.2003,Sam,Lee,,N,O+,801-221-7542,,,,,MARIA,PETERSON,03/31/1965 00:00:00,MD,Doctor of Medicine,Active,435-265-2254
"110,455",03/24/2007 14:55:32,"3,567","9,769",B3,62,145,102,120,50,0,07.11.2003,Sam,Lee,,N,O+,801-221-7542,,,,,lenard,FREEman,05/18/1963 00:00:00,RN,Registered Nurse,Active,801-892-2433
"110,693",11/08/2007 14:10:06,"3,567",,A3,62,141,100,363,180,0,07.11.2003,Sam,Lee,,N,O+,801-221-7542,,,,,,,,,,,
